,ACT,SAT,PHLE,p_income,hs_gpa,c_gpa
0,30,1.4455744643908879,5,94873,4.0,3.8
1,26,-0.35118321484033554,2,42767,3.6,2.7
2,28,0.8189312290028973,0,46316,4.0,3.3
3,33,0.7842972180579082,0,52370,4.0,3.5
4,30,1.195222781437427,4,92665,4.0,3.6
5,25,-1.0351449943728248,4,76340,3.5,3.3
6,30,0.14365672754102754,3,65867,3.8,3.7
7,23,-1.8517997177152643,1,64495,3.0,3.3
8,27,-0.8373383608517683,2,78662,3.5,3.3
9,28,-0.03008407662018897,3,61772,3.7,3.4
10,32,1.6008405012277713,3,84872,4.0,3.8
11,29,0.7117682621839111,2,59881,4.0,3.5
12,28,-0.2100004335334207,2,70274,3.6,3.7
13,28,-0.19167090224841965,0,50777,3.6,3.0
14,30,0.2409172678177038,4,68641,3.9,3.7
15,30,0.7842972180579082,3,83889,4.0,3.7
16,30,0.8801879226323401,1,43775,4.0,3.3
17,29,0.08802133454534494,0,43252,3.8,3.5
18,20,-2.7982095569327408,1,35045,2.9,3.1
19,28,0.08802133454534494,3,46312,3.9,3.1
20,26,-1.0437670357108408,1,50104,3.4,3.2
21,28,-0.33785701481395763,1,61843,3.6,3.2
22,28,0.5693210610934747,0,44574,3.8,3.3
23,27,-0.40514525709240096,2,55924,3.8,3.3
24,30,-0.5991120054133576,1,34236,3.7,3.0
25,27,0.17673131925861826,2,77246,3.8,3.5
26,28,-0.7340375519426244,4,109268,3.7,3.6
27,28,0.4380877898183322,5,96573,3.9,3.6
28,31,0.7015402389100517,3,59342,4.0,3.4
29,30,0.9108728690353499,4,61673,4.0,3.4
30,26,-0.6142075932485241,2,53951,3.5,3.2
31,32,0.8019012936726012,2,83790,4.0,3.5
32,30,0.427055811221033,0,36417,3.9,3.3
33,30,-0.43532484521253073,1,62408,3.8,3.6
34,25,-1.0803193408149552,2,63766,3.3,3.1
35,29,0.3856572842852465,3,103448,4.0,3.3
36,28,-0.7242082804233155,1,52303,3.4,3.3
37,34,2.8776231204116938,5,90775,4.0,3.6
38,31,0.9768219351382755,1,78209,4.0,3.6
39,27,-0.16653559825481293,3,61095,3.6,3.3
40,31,1.624784819167346,2,62106,4.0,3.5
41,33,0.6325093385485111,1,64036,4.0,3.6
42,27,-0.7980358274390278,0,52376,3.5,3.2
43,29,0.0628326081658751,2,72543,3.9,3.2
44,27,-0.540027080741793,1,39928,3.6,3.3
45,25,-1.5537650044440465,0,41330,3.3,2.7
46,33,1.8799107653216565,2,58202,4.0,3.5
47,25,-1.5887709585727852,0,30912,3.2,3.0
48,25,-1.3035567078976082,4,85050,3.4,3.5
49,30,0.391549940946073,2,62938,4.0,3.5
50,31,0.587133234487073,3,103707,4.0,3.9
51,29,0.17673131925861826,2,64155,4.0,3.4
52,26,-1.2158436550373843,2,73755,3.3,3.0
53,25,-1.2310016753213133,0,35101,3.2,2.9
54,26,-0.9139912510859731,0,60561,3.4,3.2
55,27,-0.6294444638217898,1,41696,3.5,3.4
56,32,0.33519903503489346,1,67559,3.9,3.7
57,27,-0.30874563078475853,1,78607,3.5,3.4
58,26,-0.8764940252603001,3,94849,3.5,3.6
59,26,-0.33785701481395763,2,48315,3.4,3.5
60,26,-0.8413846439873135,0,36954,3.5,2.9
61,31,1.5159414673367062,3,67103,4.0,3.5
62,29,-0.14365672754102768,0,46971,3.7,3.4
63,28,0.14365672754102754,0,25286,3.8,3.2
64,29,-0.253865850004556,1,68429,3.8,3.5
65,32,1.1592298129862946,5,75974,4.0,3.8
66,28,-0.253865850004556,0,60277,3.7,3.5
67,32,0.6495235958443244,2,48111,4.0,3.1
68,26,-0.8259761252005046,1,38406,3.5,3.3
69,27,-0.8473616252597322,0,39627,3.4,3.2
70,30,0.587133234487073,3,70542,4.0,3.7
71,24,-1.4314384013851023,0,47642,3.2,3.0
72,31,0.6391183355615649,2,52308,4.0,3.5
73,26,-1.3647084924885178,0,63384,3.3,3.0
74,27,-0.012558588000631154,3,78942,3.7,3.4
75,32,1.7050969053330023,3,81917,4.0,3.5
76,30,-0.16653559825481293,3,77523,3.9,3.6
77,31,1.0437670357108404,3,72406,4.0,3.5
78,30,0.6433454053929173,3,92152,3.9,3.1
79,26,-1.5130753466158224,0,56465,3.3,3.1
80,27,-0.6417398902624202,2,87422,3.5,3.3
81,28,0.22285636938506637,1,70982,3.7,3.3
82,26,-1.0723287480856238,2,33990,3.4,3.2
83,30,1.195222781437427,3,86210,4.0,3.4
84,26,-1.0616933310970136,1,33501,3.5,3.2
85,25,-1.5976984220914237,1,63120,3.2,3.0
86,28,-0.8764940252603001,3,85002,3.7,3.1
87,34,1.2054075193809322,3,64046,4.0,3.8
88,33,1.8799107653216565,3,73048,4.0,3.7
89,33,1.624784819167346,2,67941,4.0,3.3
90,28,0.11326604102913243,3,72934,3.7,3.3
91,29,1.0351449943728246,3,85913,3.9,3.4
92,30,0.5400270807417926,2,38704,3.9,3.4
93,28,-0.6666276233463668,0,49866,3.6,3.1
94,34,1.1397895494554269,4,87743,4.0,3.6
95,29,0.03136936165920781,4,72926,3.7,3.3
96,25,-1.5717868165098599,1,71629,3.1,3.5
97,27,-0.30113002980563724,4,102783,3.6,3.8
98,26,-0.8618363930960037,0,56066,3.5,3.5
99,30,1.5895304035605067,5,85135,4.0,3.8
100,26,-0.9254932007259913,1,75304,3.4,3.3
101,34,1.5052316564617902,3,75721,4.0,3.8
102,25,-0.41607556519554345,2,64497,3.4,3.3
103,27,-0.7721932141886853,0,70410,3.6,3.3
104,29,-0.46870773527689097,4,84186,3.6,3.2
105,30,0.7015402389100517,3,99468,4.0,3.5
106,20,-2.877750630947642,1,75813,2.7,3.1
107,25,-1.8243358553333215,0,29133,3.2,3.2
108,31,0.04522514026845084,3,58774,3.8,3.5
109,26,-1.2479755203373588,0,60851,3.3,3.3
110,30,-0.9460949365640613,0,72327,3.7,3.4
111,32,1.2690904173592283,3,76746,4.0,3.9
112,31,0.7141102412689173,5,104132,4.0,3.6
113,32,1.2810108549109644,3,79885,4.0,3.7
114,27,-0.12085281637033993,4,77531,3.8,3.3
115,28,-0.3472709680068053,3,85679,3.7,3.8
116,27,-1.2101372641333108,0,32950,3.4,3.2
117,29,0.3298901506613842,2,43689,3.9,3.3
118,27,-0.7520849066954913,1,44275,3.4,3.1
119,28,-0.1589002103192108,2,44576,3.8,3.1
120,29,0.24415622552102983,2,91796,3.8,3.4
121,25,-1.0723287480856238,3,77787,3.3,3.2
122,31,0.491254448570445,1,59182,4.0,3.3
123,29,0.7242082804233155,3,64242,4.0,3.4
124,31,0.019241449727750208,3,70316,4.0,3.7
125,27,0.0703843144357313,2,62802,3.7,3.4
126,35,2.015667119822721,3,69554,4.0,3.7
127,28,-0.5248355475819912,4,78666,3.7,3.1
128,29,-0.5054732915240274,0,48307,3.7,3.5
129,28,0.5575461914921299,1,61970,3.8,3.6
130,28,-0.2825065691122776,0,46871,3.7,3.3
131,30,0.28250656911227734,1,86158,4.0,3.5
132,30,0.4491733463775523,4,66590,4.0,3.1
133,28,-0.6417398902624202,3,82409,3.6,3.2
134,29,0.7980358274390273,5,90516,4.0,3.6
135,29,-0.14365672754102768,0,27413,3.7,3.4
136,27,-0.5884340198515143,0,52803,3.4,3.1
137,31,0.7707050743460511,1,51923,4.0,3.3
138,27,-0.7639621821374978,3,69905,3.5,2.9
139,31,0.5169222700797942,2,61181,3.9,3.6
140,30,0.3193000457473742,3,82076,3.9,3.5
141,29,0.010046775324976946,0,49046,3.8,3.0
142,25,-1.6158252446401178,1,46495,3.2,3.2
143,31,0.9938564492067882,1,64321,4.0,3.8
144,28,0.5054732915240272,4,78371,3.8,3.4
145,30,-0.04019724786571764,1,73313,3.7,3.4
146,29,-0.30874563078475853,3,58901,3.7,3.2
147,28,-0.15096921549677683,1,55574,3.8,3.6
148,25,-0.9768219351382755,5,94395,3.5,3.4
149,30,0.8295139838318174,3,67982,3.9,3.6
150,29,-0.43532484521253073,5,89236,3.7,3.1
151,30,0.166199440170359,1,45021,3.9,3.7
152,30,0.6433454053929173,2,93616,4.0,3.3
153,27,-0.623332367044246,4,82506,3.6,3.3
154,32,0.7707050743460511,1,66501,4.0,3.5
155,27,-0.7454495481807888,4,98690,3.6,3.4
156,30,1.1540077441840437,2,64647,4.0,3.4
157,28,0.2590571025685476,1,42233,3.8,3.2
158,28,-0.292977855460806,4,109855,3.8,3.3
159,23,-1.1540077441840446,1,41587,3.3,3.2
160,32,1.236652241519907,1,54790,4.0,3.6
161,36,5.19933758270342,5,94847,4.0,4.0
162,25,-1.7873780050210055,0,56059,3.1,3.2
163,29,-0.9371189110945247,3,100127,3.5,3.4
164,31,0.5169222700797942,2,62719,4.0,3.3
165,28,-0.14365672754102768,5,89640,3.7,3.2
166,32,1.0437670357108404,4,75160,4.0,3.5
167,34,1.778729509635851,4,76836,4.0,3.6
168,29,-0.12085281637033993,1,61863,3.7,3.3
169,30,0.427055811221033,2,79623,4.0,3.5
170,26,-1.0139193392651045,2,50625,3.3,3.4
171,31,0.0703843144357313,0,1882,4.0,3.0
172,32,0.8801879226323401,3,62315,4.0,3.7
173,30,0.7242082804233155,4,88940,4.0,3.6
174,27,-0.06283260816587524,3,76421,3.8,3.6
175,29,0.4380877898183322,5,87849,3.9,3.6
176,29,0.0703843144357313,3,61145,3.8,3.4
177,26,-0.5487655824546475,2,76504,3.6,3.4
178,30,0.6111773684342875,3,74072,3.9,3.5
179,28,-0.7911478565359643,0,28404,3.6,2.9
180,29,0.0703843144357313,3,77576,3.8,3.7
181,30,0.166199440170359,4,77388,3.9,3.4
182,30,-0.16653559825481293,3,72455,3.9,3.1
183,27,-0.427608151060415,0,36873,3.6,3.0
184,30,-0.3969792454321235,1,53952,3.7,3.4
185,32,1.0535834757726852,3,64404,4.0,3.6
186,25,-1.5717868165098599,1,73226,3.3,3.1
187,33,0.660367479703957,3,65046,4.0,3.6
188,29,-0.19677962021846648,1,81714,3.7,3.5
189,30,0.08802133454534494,3,66891,3.9,3.4
190,29,-0.24091726781770412,2,77421,3.7,3.5
191,26,-0.33785701481395763,3,64700,3.5,3.2
192,36,2.29474183650586,5,99294,4.0,3.9
193,28,0.14365672754102754,3,79966,3.6,3.6
194,27,-0.8552239312714468,0,53576,3.4,3.2
195,30,1.537183021001202,5,94446,4.0,3.8
196,28,0.04522514026845084,2,66790,3.9,3.4
197,28,0.17673131925861826,2,42849,3.8,2.9
198,29,-0.05528448348247729,2,39377,3.7,3.2
199,23,-1.1994846977450526,0,45358,3.3,2.9
200,29,0.2125687776810898,3,64686,3.9,3.4
201,32,0.5301614450555202,1,43563,4.0,3.5
202,30,0.14365672754102754,3,69975,3.9,3.6
203,33,1.0893490279242761,3,55966,4.0,3.2
204,29,-0.04019724786571764,1,61363,3.7,3.2
205,32,1.3280079553135522,4,107848,4.0,3.7
206,26,-0.5487655824546475,5,89918,3.7,3.6
207,29,0.5961093109897605,2,76699,3.9,3.2
208,31,0.5054732915240272,0,28668,3.9,3.3
209,29,-0.24091726781770412,4,106796,3.9,3.3
210,31,1.10643779528449,5,79974,4.0,3.6
211,27,0.03768369062099079,3,68680,3.7,3.7
212,31,0.8295139838318174,1,24885,3.9,3.4
213,31,0.46590630887165724,1,47589,3.9,3.2
214,29,0.36994583939041825,0,42201,3.8,3.3
215,26,-0.40514525709240096,4,74758,3.7,3.4
216,30,-0.5634238615585517,0,72315,3.6,3.3
217,30,0.8921089732135047,2,54559,4.0,3.2
218,27,-0.8988407803955769,2,56351,3.4,2.9
219,27,-0.3780266162515093,1,56718,3.6,3.4
220,28,-0.6417398902624202,2,78275,3.5,3.5
221,31,0.8654833564602945,2,64531,3.9,3.2
222,28,0.5169222700797942,4,71902,3.9,3.7
223,29,0.6025952053457616,3,97716,3.9,3.5
224,33,0.9768219351382755,1,57963,4.0,3.3
225,26,-0.13604770658690796,0,48460,3.5,3.3
226,26,-0.9647514098319633,1,61865,3.4,3.4
227,29,0.22285636938506637,2,56885,3.8,3.3
228,23,-2.3651452591748487,3,101997,2.8,3.2
229,31,1.1844468189060464,5,96406,4.0,3.9
230,29,0.10063567064126912,2,36052,3.8,3.2
231,28,-0.5129304106147279,0,67913,3.6,3.2
232,28,0.944940254619782,4,73340,4.0,3.4
233,31,0.14365672754102754,1,50051,3.9,3.4
234,25,-1.4747470516619194,1,58898,3.1,2.9
235,29,0.5961093109897605,3,66057,3.8,3.0
236,26,-1.6065116899485383,2,80143,3.2,3.0
237,29,0.11326604102913243,3,54252,4.0,3.2
238,30,0.47713424159798007,1,100231,3.9,3.9
239,29,0.8189312290028973,5,100882,4.0,3.4
240,26,-1.3906596548974288,0,52962,3.2,3.4
241,25,-0.8259761252005046,3,84108,3.5,3.3
242,27,-0.7242082804233155,2,97695,3.6,3.5
243,29,0.5961093109897605,4,68197,4.0,3.4
244,28,-0.002511654218540356,0,55914,3.8,3.3
245,32,1.7050969053330023,4,108965,4.0,3.6
246,29,-0.11073858554842153,1,58541,3.8,3.2
247,27,-0.018819641451304048,3,107363,3.7,3.4
248,30,0.310737745487592,5,70001,4.0,3.5
249,22,-1.942658217825017,2,97947,3.0,3.2
250,26,-0.3969792454321235,0,43802,3.6,3.1
251,32,1.4039939831196384,0,30196,4.0,3.4
252,29,-0.33785701481395763,0,70816,3.8,3.5
253,26,-1.2804105042442455,0,40590,3.3,3.0
254,33,1.4039939831196384,3,98017,4.0,3.6
255,26,-0.6586721134430998,0,54363,3.4,3.2
256,28,-0.025068908258710783,3,77381,3.8,3.2
257,28,-0.7063025628400874,0,61215,3.5,3.2
258,31,1.1895222157453642,2,66472,4.0,3.2
259,29,0.3193000457473742,4,98372,3.8,3.3
260,28,0.0628326081658751,0,33067,3.7,2.9
261,30,0.5634238615585514,2,54455,4.0,3.5
262,27,-0.012558588000631154,3,83249,3.7,3.8
263,29,-0.35118321484033554,2,69667,3.8,3.5
264,24,-1.6639262444276948,0,44221,3.3,2.9
265,28,-0.9872262313177932,2,53318,3.5,3.5
266,25,-1.4050715603096315,0,83956,3.3,3.6
267,26,-1.1940333318123315,0,71596,3.4,3.3
268,31,0.26890862445370967,1,75104,3.9,3.7
269,33,1.489816296027173,1,45109,4.0,3.5
270,27,-1.4314384013851023,0,61071,3.5,3.3
271,22,-1.9776775978824155,0,61529,3.0,2.7
272,27,-1.0139193392651045,0,59843,3.4,3.6
273,26,-1.3997663748191083,0,61755,3.4,3.2
274,34,1.0983208490611724,2,74984,4.0,3.7
275,29,0.057800153849665276,2,40989,3.8,3.1
276,32,0.7322762047230995,3,61319,4.0,3.5
277,26,-1.0265992264580712,0,59205,3.3,3.1
278,31,1.3041214037998632,2,42188,4.0,3.3
279,31,1.276880392101471,4,84524,4.0,3.7
280,22,-1.9208342650969636,2,59960,3.0,2.7
281,29,0.47713424159798007,5,90921,3.9,3.8
282,31,0.2949919882226265,1,63652,3.9,3.4
283,30,0.03768369062099079,0,63137,3.9,3.4
284,30,0.35653107332793577,1,56000,3.8,3.3
285,30,0.27728259073751554,3,59819,3.6,3.5
286,31,0.41974099367020024,2,62875,4.0,3.6
287,25,-1.6254267479412428,4,91564,3.4,3.3
288,26,-0.41607556519554345,2,36700,3.7,3.3
289,31,0.7787021231447979,3,79351,4.0,3.6
290,24,-1.776361458927677,0,53178,3.0,3.2
291,28,-0.2228563693850668,0,49920,3.8,3.2
292,35,1.624784819167346,2,64213,4.0,3.5
293,29,-0.38342751462309094,3,72344,3.7,3.6
294,27,-0.9139912510859731,2,52017,3.5,3.3
295,32,0.8295139838318174,1,40956,4.0,3.5
296,28,0.8064212470182411,3,92268,4.0,3.2
297,28,0.491254448570445,4,85029,3.9,3.7
298,29,-0.46870773527689097,1,51202,3.6,3.5
299,29,0.5961093109897605,3,68615,3.8,3.4
300,30,0.9254932007259913,4,59659,4.0,3.0
301,29,0.03768369062099079,3,73656,4.0,3.0
302,27,0.11326604102913243,2,72835,3.6,3.0
303,28,-0.3272392003863271,2,47841,3.8,3.4
304,33,1.1540077441840437,2,39926,4.0,3.5
305,27,-1.3274231757153443,0,52889,3.3,3.2
306,22,-1.5537650044440465,0,44859,3.0,3.1
307,29,-0.7980358274390278,1,47995,3.6,3.4
308,29,0.391549940946073,4,91467,3.9,3.6
309,28,-0.6951298207741817,0,27528,3.6,3.2
310,29,0.41246312944140434,2,71505,3.9,3.5
311,27,-0.43532484521253073,1,64741,3.5,3.3
312,26,-1.644853626951471,1,59872,3.2,3.4
313,34,1.378658728623278,4,86435,4.0,3.7
314,33,1.537183021001202,3,80341,4.0,3.7
315,30,0.04522514026845084,3,69775,3.8,3.7
316,26,0.28250656911227734,4,92349,3.8,3.3
317,27,-0.4234047223941822,0,31642,3.7,3.0
318,29,0.3298901506613842,1,66029,3.8,3.3
319,27,-1.0803193408149552,1,73615,3.5,3.5
320,34,1.7269962515931594,3,112070,4.0,3.9
321,26,-1.3647084924885178,0,55651,3.3,3.1
322,27,-0.37132356179632214,0,55156,3.6,3.6
323,24,-2.2590306045742636,0,43453,3.0,2.9
324,27,-0.5811754014871103,1,52403,3.6,3.6
325,29,0.35653107332793577,1,28024,3.8,3.1
326,30,0.057800153849665276,2,86099,3.8,3.5
327,29,0.7539124344561572,5,98315,3.9,3.5
328,29,-0.09036143712925866,2,27421,3.8,3.2
329,25,-1.2579306616920602,1,61938,3.4,3.5
330,29,0.35653107332793577,1,42342,3.8,3.5
331,26,-1.1157502416841865,1,63490,3.6,3.2
332,29,0.1570678075834182,0,63617,3.9,3.4
333,29,0.14365672754102754,4,73433,3.9,3.3
334,30,0.7539124344561572,3,60394,4.0,3.4
335,22,-1.5537650044440465,0,29244,3.0,3.1
336,32,1.1346713969386863,1,57153,4.0,3.3
337,30,0.5475513533264023,2,63526,4.0,3.4
338,25,-0.13604770658690796,4,113585,3.7,3.4
339,31,1.0227035401387712,3,69482,4.0,3.4
340,30,0.4380877898183322,3,77142,4.0,3.4
341,31,0.8295139838318174,3,70886,3.9,3.2
342,28,-0.5634238615585517,2,60712,3.8,3.4
343,29,0.2023036346070245,1,45644,3.9,3.0
344,31,1.3667301549648574,4,82049,4.0,3.5
345,25,-1.3906596548974288,1,40940,3.3,3.1
346,29,-1.2804105042442455,0,17706,3.5,3.3
347,29,0.4616771380800467,3,76478,4.0,3.8
348,30,0.8921089732135047,2,80463,4.0,3.6
349,26,-1.670749144311083,0,39992,3.2,2.9
350,30,-0.5129304106147279,0,53374,3.6,3.0
351,34,2.196500880334908,4,87446,4.0,3.3
352,31,1.2810108549109644,3,75932,4.0,3.9
353,20,-2.3257849685614307,4,64927,3.0,2.8
354,22,-2.5361361740799624,1,52824,3.0,3.2
355,29,0.4997736464576173,4,63225,4.0,3.3
356,31,0.4491733463775523,2,66720,4.0,3.4
357,28,-0.04019724786571764,2,66277,3.8,3.4
358,26,-0.7980358274390278,1,80295,3.6,3.4
359,27,-0.7677469665637128,0,39924,3.4,3.4
360,31,1.1157502416841865,5,108696,4.0,3.4
361,30,0.22285636938506637,1,64205,3.7,3.2
362,29,-0.5196927050798049,3,60562,3.8,3.3
363,28,0.3002322593807221,4,96147,4.0,3.7
364,28,-0.3584587932511936,1,50280,3.7,3.2
365,24,-1.3647084924885178,0,55204,3.3,3.2
366,28,-0.2825065691122776,2,62869,3.7,3.3
367,30,0.2949919882226265,3,67534,3.9,3.3
368,26,-0.46031437971923184,0,61683,3.6,3.2
369,33,1.2924515674340835,2,65391,4.0,3.6
370,21,-1.9101630389914146,3,89275,2.9,3.1
371,31,0.7980358274390273,1,57875,3.9,3.2
372,27,-0.8764940252603001,2,70845,3.6,3.5
373,32,1.1540077441840437,1,70178,4.0,3.7
374,28,-0.08045957870373127,1,72138,3.8,3.6
375,30,0.5400270807417926,3,65957,4.0,3.3
376,24,-1.3396451999245267,2,66946,3.2,3.3
377,29,0.022606789649600032,3,55251,3.8,3.2
378,30,1.5713009482944542,5,109282,4.0,4.0
379,26,-1.0893490279242761,3,63819,3.4,3.5
380,31,0.3054807880993974,0,93436,3.9,3.5
381,24,-1.8156381255026652,0,78872,3.2,3.3
382,31,1.553765004444046,5,84462,4.0,3.6
383,27,-0.30113002980563724,1,38875,3.6,3.5
384,25,-1.0437670357108408,0,55649,3.4,3.3
385,26,-0.9528198349421094,2,62390,3.6,3.1
386,29,0.5400270807417926,4,85791,3.8,3.8
387,27,-1.4387426740514768,0,34737,3.4,3.3
388,26,-0.1818360110890942,4,68095,3.6,3.1
389,29,0.5400270807417926,2,74142,3.9,3.6
390,26,-0.5634238615585517,2,49711,3.6,3.2
391,25,-0.6768541480424047,1,69095,3.3,3.3
392,28,-0.5054732915240274,3,46786,3.7,3.4
393,25,-0.9944578832097537,4,101593,3.4,2.9
394,33,0.587133234487073,2,55852,4.0,3.5
395,34,1.3520706810695264,5,81790,4.0,3.6
396,27,-1.3035567078976082,2,61509,3.4,3.5
397,28,-0.08045957870373127,2,68858,3.6,3.7
398,25,-1.2372345991628269,0,48080,3.4,3.4
399,26,-0.5811754014871103,2,84154,3.4,3.2
400,35,2.256359974203136,5,99331,4.0,3.9
401,28,-0.26946073981863844,0,28499,3.6,2.9
402,28,-0.8850713095805609,1,67384,3.4,3.3
403,26,-0.6541331092077732,1,54083,3.4,3.1
404,31,0.968759234053376,3,92173,4.0,3.3
405,27,-0.46870773527689097,2,71887,3.7,3.5
406,33,1.6345047085731932,2,52160,4.0,3.3
407,28,-0.20486788035194264,0,55055,3.7,3.3
408,23,-1.0893490279242761,3,84248,3.2,3.0
409,29,-0.1818360110890942,1,34085,3.8,3.3
410,29,0.28250656911227734,2,65918,3.9,3.5
411,31,0.7745052838605578,5,120391,4.0,3.6
412,33,1.4605311820132292,2,80092,4.0,3.6
413,35,2.5120564048825207,3,65312,4.0,3.5
414,28,-0.49018923171520956,4,78864,3.7,3.4
415,28,-0.2877382685261328,5,96012,3.6,3.7
416,31,0.5524298688833124,1,55690,3.9,3.2
417,32,1.1749867920660897,1,53501,4.0,3.0
418,28,0.08802133454534494,5,83368,3.8,3.1
419,31,0.4380877898183322,4,104830,4.0,3.7
420,28,0.6919353083649279,5,59724,3.9,3.2
421,30,1.3586470303931621,4,108200,4.0,3.8
422,28,0.14365672754102754,5,101272,3.8,3.5
423,26,-1.2372345991628269,0,62627,3.4,3.2
424,24,-1.3713924840347427,4,80629,3.3,3.4
425,24,-1.1743529958464107,2,53732,3.2,3.0
426,26,-1.0571889910718058,2,77335,3.4,3.5
427,28,-0.1589002103192108,2,79148,3.8,3.2
428,29,0.4170023666077758,3,75191,3.8,3.4
429,26,-0.5991120054133576,1,89176,3.4,3.5
430,28,0.6325093385485111,1,35066,3.8,3.3
431,24,-2.3115555343033174,0,57395,3.0,3.0
432,31,0.482770756424328,2,49906,3.9,3.5
433,27,-0.15096921549677683,0,15562,3.7,3.2
434,30,0.9862712987022387,2,60211,4.0,3.6
435,26,-1.3035567078976082,2,33595,3.4,3.4
436,29,-0.5991120054133576,4,87199,3.7,3.3
437,33,2.4081847850755222,2,62982,4.0,3.4
438,28,-0.2100004335334207,4,87342,3.8,3.4
439,33,2.074444608725575,3,57732,4.0,3.8
440,28,0.14365672754102754,2,96458,3.8,3.7
441,33,1.911035647549118,3,77690,4.0,3.7
442,28,0.6919353083649279,5,108158,3.8,3.4
443,33,1.7407674779290512,3,69072,4.0,3.4
444,28,-0.11073858554842153,2,67557,3.6,3.6
445,28,-0.45195332837796953,3,88816,3.7,3.2
446,28,0.5769103773332718,5,91100,3.9,3.4
447,31,1.0437670357108404,3,54090,4.0,3.5
448,29,-0.07115982970014656,2,36427,3.8,3.4
449,28,-0.1818360110890942,5,108486,3.9,3.6
450,27,-0.7176941489327423,1,28087,3.5,3.2
451,25,-0.9647514098319633,4,96634,3.4,3.5
452,30,0.8064212470182411,3,81540,4.0,3.6
453,27,-0.05528448348247729,1,43666,3.6,2.9
454,28,-0.26946073981863844,3,77535,3.6,3.4
455,27,-0.540027080741793,3,80346,3.5,3.3
456,29,-0.24091726781770412,3,67376,3.8,3.7
457,27,-0.7176941489327423,0,46895,3.7,3.3
458,31,0.9001103801042515,0,27056,3.9,2.9
459,30,0.9862712987022387,3,94629,4.0,3.6
460,30,0.738846849185213,3,58459,4.0,3.3
461,29,0.6111773684342875,2,73005,4.0,3.8
462,29,0.4547368076104847,4,92770,3.8,3.6
463,33,1.3100166880582467,3,63583,4.0,3.5
464,28,0.161118588510745,1,48133,3.8,3.1
465,30,-0.09811158630531869,0,48478,3.8,3.3
466,29,-0.1818360110890942,1,90267,3.8,3.6
467,29,-0.33785701481395763,1,37492,3.6,3.0
468,30,0.08802133454534494,3,67913,3.8,3.1
469,25,-1.4916464057585868,0,63923,3.2,3.1
470,31,1.0181277810188114,2,51679,4.0,3.2
471,32,1.0097287788244826,3,99974,4.0,3.8
472,28,-0.06786665426878423,2,37461,3.9,3.3
473,29,-0.1818360110890942,0,57295,3.7,3.2
474,26,0.22285636938506637,0,49569,3.6,3.3
475,30,0.391549940946073,3,85424,3.9,3.4
476,24,-2.0429075339288905,0,45829,3.0,3.1
477,27,-0.7721932141886853,1,64833,3.5,3.6
478,30,-0.13604770658690796,3,63420,3.9,3.3
479,27,-0.24091726781770412,2,61955,3.7,3.2
480,27,-0.3272392003863271,4,57454,3.4,2.9
481,31,0.17673131925861826,2,54004,4.0,3.4
482,29,-0.5991120054133576,2,60906,3.5,3.5
483,34,1.97651752935887,3,89882,4.0,3.8
484,26,-0.46870773527689097,1,64166,3.6,3.6
485,26,-0.8119267442873849,0,47336,3.5,3.1
486,27,-0.05528448348247729,2,35467,3.8,3.1
487,29,1.3280079553135522,5,100855,4.0,3.8
488,27,-0.05528448348247729,2,61372,3.7,3.0
489,27,-0.20486788035194264,2,74884,3.7,3.4
490,31,0.7881293269388018,4,74811,4.0,3.3
491,28,0.11326604102913243,4,68936,3.8,3.6
492,27,-1.1650469223056024,0,62106,3.3,3.0
493,26,0.08802133454534494,2,83694,3.8,3.5
494,29,0.14365672754102754,0,69941,3.8,3.7
495,31,0.36994583939041825,5,95413,4.0,3.5
496,28,0.2023036346070245,1,36033,3.8,3.2
497,34,2.119562619870806,4,76051,4.0,3.8
498,26,-1.4314384013851023,1,61868,3.3,3.3
499,25,-1.2690904173592292,5,105455,3.4,3.3
500,27,-0.8337809991251105,2,65459,3.6,3.3
501,22,-1.6857390211741132,0,43711,3.1,3.1
502,32,1.1157502416841865,1,57654,4.0,3.2
503,28,-0.37404692942256546,0,53555,3.8,3.3
504,32,1.5219764750949816,3,55372,4.0,3.1
505,28,-0.7340375519426244,1,36044,3.6,3.5
506,28,-0.07386240378089125,1,33958,3.6,3.2
507,25,-0.7019793596353814,0,42843,3.6,3.1
508,28,-0.9944578832097537,2,78706,3.5,3.3
509,25,-1.4459359796831106,2,101337,3.3,3.5
510,31,0.4380877898183322,2,86725,3.9,3.5
511,28,0.6325093385485111,3,76167,3.8,3.7
512,34,1.3009713635087157,0,53681,4.0,3.5
513,26,-0.2228563693850668,2,62870,3.5,3.2
514,28,0.5169222700797942,4,54850,3.9,3.4
515,28,1.0612481240052625,4,92513,4.0,3.5
516,28,-0.540027080741793,1,64468,3.6,3.4
517,28,-0.16653559825481293,0,49736,3.5,3.2
518,27,-0.35118321484033554,0,44718,3.6,2.8
519,31,0.8497416554158743,5,109948,4.0,3.5
520,33,0.9254932007259913,2,53072,4.0,3.6
521,27,-0.5727639158152894,3,102158,3.6,3.3
522,34,1.8521538361028569,3,90152,4.0,3.7
523,26,-1.1940333318123315,0,43020,3.3,2.9
524,29,0.310737745487592,4,82211,3.9,3.4
525,27,-0.7911478565359643,2,83356,3.5,3.3
526,31,0.669767503888413,4,80096,3.9,3.3
527,29,-0.3969792454321235,3,77122,3.7,3.5
528,29,0.3002322593807221,0,53288,3.8,3.2
529,29,-0.38342751462309094,1,76012,3.8,3.3
530,29,-0.03008407662018897,0,55079,3.7,3.2
531,30,0.18950198587030678,3,73831,3.7,3.5
532,29,0.8801879226323401,4,78000,3.9,3.4
533,25,-1.1256094160432806,1,68629,3.5,3.4
534,33,1.2690904173592283,1,87678,4.0,3.8
535,31,0.9254932007259913,5,81247,4.0,3.5
536,27,-0.8119267442873849,1,62882,3.6,3.4
537,32,1.0612481240052625,1,36919,4.0,3.4
538,27,-0.021329285143835856,2,71306,3.7,3.4
539,25,-1.1256094160432806,2,90212,3.4,3.5
540,30,-0.11073858554842153,1,63695,3.8,3.4
541,30,-0.5054732915240274,2,75627,3.9,3.5
542,25,-2.5118622368662513,1,63446,3.1,2.8
543,25,-0.5811754014871103,2,73428,3.4,2.9
544,29,1.1346713969386863,3,57436,4.0,3.1
545,31,1.5713009482944542,3,73226,4.0,3.7
546,34,1.9431135319379391,5,82285,4.0,3.2
547,29,-0.4958503473474533,5,79290,3.7,3.5
548,29,-0.3140184657002484,0,55617,3.6,3.6
549,28,0.491254448570445,3,64171,3.8,3.2
550,33,1.4181397465010341,3,45204,4.0,3.6
551,29,-0.2228563693850668,0,55693,3.8,3.4
552,29,0.3054807880993974,2,53466,3.9,3.3
553,28,-0.253865850004556,3,71460,3.7,3.3
554,26,-0.8618363930960037,4,72689,3.6,3.3
555,34,2.327792684695487,4,73430,4.0,3.3
556,24,-2.1886746979224476,0,43693,3.0,3.1
557,25,-1.4050715603096315,0,55773,3.3,3.1
558,26,-0.6142075932485241,0,27633,3.6,2.8
559,34,2.1437700280583303,4,63823,4.0,3.8
560,26,-1.3274231757153443,3,81788,3.3,3.2
561,20,-2.1965353761472812,0,53700,2.9,3.0
562,26,-1.7339830484262069,1,49673,3.2,3.5
563,26,-0.6541331092077732,3,83270,3.6,3.2
564,30,-0.13604770658690796,2,74715,3.8,3.2
565,31,1.8114574488804083,5,84373,4.0,3.9
566,31,1.2265281200366087,2,88342,4.0,3.6
567,21,-1.5130753466158224,2,37373,3.0,3.2
568,29,-0.2877382685261328,0,58444,3.7,3.6
569,29,0.6919353083649279,5,84114,3.8,3.4
570,29,0.2023036346070245,1,67296,3.8,3.5
571,32,1.7986625770167255,4,108541,4.0,3.9
572,28,-0.367257632424558,0,39901,3.8,3.0
573,33,0.35653107332793577,1,59716,4.0,3.6
574,28,-0.623332367044246,0,46998,3.5,3.3
575,31,0.5634238615585514,2,44066,4.0,3.4
576,25,-1.052467376923227,3,67870,3.3,3.1
577,27,-0.08045957870373127,3,73535,3.7,3.2
578,29,0.7242082804233155,0,49441,3.9,3.4
579,28,0.2590571025685476,3,80201,3.7,3.2
580,29,-0.012558588000631154,3,64141,3.7,3.4
581,29,-0.5284394122015668,2,100995,3.7,3.2
582,27,0.2897598052289142,3,94436,3.8,3.3
583,30,0.5475513533264023,2,72584,4.0,3.4
584,27,0.010046775324976946,0,61217,3.8,3.4
585,30,-0.12085281637033993,2,62808,3.8,3.5
586,29,0.015892209105859173,0,47051,3.9,3.5
587,27,0.35653107332793577,1,21708,3.8,3.4
588,34,2.196500880334908,3,116853,4.0,4.0
589,22,-1.8243358553333215,1,87083,3.0,3.4
590,24,-2.209000554025932,0,52649,3.1,3.0
591,30,1.2265281200366087,2,55307,4.0,3.3
592,31,1.0701114668128873,2,77562,4.0,3.7
593,27,0.022606789649600032,2,76398,3.7,3.5
594,30,0.669767503888413,1,72554,3.9,3.4
595,29,0.19461880183929753,0,35958,3.9,3.5
596,27,0.11326604102913243,2,60454,3.9,3.5
597,28,0.36994583939041825,4,101549,3.9,3.6
598,28,0.14365672754102754,2,68658,3.8,3.3
599,27,-1.0265992264580712,0,72414,3.4,3.6
600,28,1.0812707440101603,4,62818,4.0,3.4
601,29,0.18950198587030678,1,43119,3.7,3.6
602,31,0.4997736464576173,3,65895,3.9,3.4
603,30,1.378658728623278,5,93508,4.0,3.8
604,27,-0.46870773527689097,1,58110,3.6,3.5
605,30,1.0351449943728246,4,57553,4.0,3.4
606,31,0.9371189110945244,5,78712,4.0,3.7
607,31,0.660367479703957,3,75842,4.0,3.1
608,23,-1.10643779528449,5,92990,3.3,3.7
609,31,0.7980358274390273,2,53563,4.0,3.6
610,28,0.08802133454534494,2,80335,3.7,3.4
611,30,1.0701114668128873,3,86703,4.0,3.5
612,28,-0.6666276233463668,0,42062,3.6,3.2
613,29,-0.5175655089663638,0,42403,3.8,3.3
614,28,-0.3584587932511936,3,105988,3.6,3.8
615,29,0.2409172678177038,3,72632,3.8,3.2
616,25,-2.006060211898805,0,52798,3.0,3.0
617,29,-0.26946073981863844,1,47955,3.6,3.3
618,30,0.5260597514985919,2,82863,4.0,3.3
619,26,-1.4799710190499726,0,45885,3.3,3.2
620,33,1.5596161111354911,5,104897,4.0,3.4
621,27,-0.9768219351382755,2,71899,3.4,3.5
622,29,-0.11073858554842153,1,74105,3.8,3.1
623,25,-1.2253566257226696,5,87796,3.3,3.3
624,32,1.214782917492799,2,67459,4.0,3.4
625,26,-0.9768219351382755,3,47836,3.5,3.3
626,29,0.010046775324976946,0,45205,3.8,3.1
627,27,-0.5487655824546475,0,61259,3.4,3.2
628,27,-0.6951298207741817,2,42351,3.6,3.2
629,30,0.7015402389100517,4,104396,4.0,3.5
630,25,-0.7176941489327423,3,71625,3.5,3.1
631,28,-0.19167090224841965,1,95497,3.7,3.6
632,33,0.8497416554158743,0,80375,4.0,3.9
633,30,0.2648950710899978,2,65423,4.0,3.0
634,27,-0.5284394122015668,0,53470,3.5,3.6
635,31,0.9812361735466847,3,67117,4.0,3.4
636,29,-0.3272392003863271,3,78231,3.6,3.5
637,29,-0.13604770658690796,0,29249,3.8,3.4
638,28,-0.45195332837796953,1,69354,3.7,3.2
639,27,-1.1442860901432401,0,79832,3.5,3.0
640,27,-1.052467376923227,0,45722,3.5,3.1
641,32,1.97651752935887,5,68319,4.0,3.6
642,28,-0.26946073981863844,2,60189,3.8,3.4
643,32,0.952819834942109,0,41936,4.0,3.5
644,26,-1.3396451999245267,1,48264,3.3,3.4
645,27,-0.7804592559610164,0,69560,3.5,3.2
646,30,0.3791792751096164,1,47647,3.9,3.6
647,33,1.3520706810695264,5,107941,4.0,3.5
648,32,1.6638466405252879,4,73465,4.0,3.3
649,25,-0.48277075642432826,2,84359,3.5,3.4
650,31,0.23269274918304503,2,89909,3.9,3.5
651,31,1.0181277810188114,3,91088,4.0,3.4
652,30,0.47713424159798007,3,72982,3.9,3.3
653,31,1.0812707440101603,3,56570,4.0,3.5
654,26,-1.5252147576174393,1,77575,3.3,3.1
655,23,-1.7050969053330025,3,67820,3.1,3.4
656,21,-2.408266498358074,0,58218,2.9,3.4
657,25,-1.5379122793703683,2,74991,3.2,3.2
658,25,-0.9647514098319633,1,34148,3.4,3.0
659,31,0.3384541648921706,1,59731,3.9,3.8
660,33,1.4455744643908879,3,77375,4.0,3.4
661,29,0.669767503888413,4,95933,4.0,3.5
662,28,0.2409172678177038,3,83029,3.8,3.5
663,24,-1.7501164640110654,1,36011,3.1,3.2
664,33,0.8801879226323401,1,60118,4.0,3.3
665,32,0.7015402389100517,4,36936,4.0,3.0
666,29,-0.12085281637033993,3,82782,3.9,3.4
667,29,-0.7520849066954913,1,82018,3.5,3.4
668,28,-0.6142075932485241,3,91848,3.6,3.5
669,33,1.4455744643908879,4,95034,4.0,3.6
670,30,0.46590630887165724,0,37182,3.8,3.1
671,31,0.8801879226323401,1,60235,4.0,3.8
672,26,-1.1540077441840446,0,43752,3.4,3.3
673,32,1.247167618959642,2,60988,4.0,3.4
674,29,0.9371189110945244,0,40930,4.0,3.3
675,28,-0.49018923171520956,2,75922,3.7,3.3
676,26,-0.7639621821374978,1,15896,3.3,3.0
677,28,-0.4958503473474533,0,41451,3.7,3.2
678,24,-2.143724706733135,0,26446,3.1,2.7
679,27,-0.09036143712925866,2,60536,3.6,3.4
680,22,-1.9501318529864347,0,32907,2.9,3.0
681,27,-0.3780266162515093,1,41953,3.6,3.3
682,34,2.053335604240414,3,69379,4.0,3.3
683,27,-0.6855673570471814,1,57621,3.5,3.3
684,25,-1.2804105042442455,0,47417,3.3,3.1
685,28,0.40514525709240085,3,59363,3.9,3.5
686,28,0.161118588510745,4,89340,3.8,3.4
687,32,0.8401904658733902,0,23320,4.0,3.5
688,23,-1.9101630389914146,0,17101,3.2,3.1
689,26,-0.26946073981863844,3,83918,3.6,3.4
690,30,1.0701114668128873,1,59154,4.0,3.7
691,27,-0.6666276233463668,3,95369,3.6,3.8
692,26,-1.1838487364478714,0,56385,3.4,3.3
693,29,0.33519903503489346,2,69768,3.9,3.4
694,28,-0.8259761252005046,1,60785,3.5,3.6
695,27,0.35653107332793577,3,58116,3.7,3.1
696,29,-0.09466185974686032,5,95087,3.8,3.5
697,28,-0.8473616252597322,0,65323,3.7,3.3
698,28,0.7707050743460511,5,89716,4.0,3.3
699,32,1.3520706810695264,2,54273,4.0,3.1
700,26,-0.04019724786571764,4,98597,3.7,3.4
701,31,1.553765004444046,2,65114,4.0,3.5
702,28,0.10063567064126912,2,65170,3.8,3.3
703,30,0.2590571025685476,4,73926,4.0,3.4
704,28,-0.5054732915240274,1,41933,3.5,3.5
705,24,-1.1157502416841865,1,84763,3.3,3.3
706,31,0.6172434684090456,3,52030,4.0,3.0
707,26,-0.906390009343536,0,54253,3.4,3.4
708,30,-0.08045957870373127,3,88694,4.0,3.7
709,29,-0.6666276233463668,1,41794,3.4,3.0
710,26,-0.43532484521253073,0,40340,3.7,3.2
711,30,0.6172434684090456,2,69360,3.9,3.3
712,31,0.34246630146539064,3,91083,3.9,3.5
713,27,-0.5634238615585517,2,66377,3.5,3.4
714,24,-1.2253566257226696,1,72415,3.4,3.5
715,27,-0.48277075642432826,2,65617,3.6,3.2
716,31,1.2517422415423831,2,70494,4.0,3.4
717,31,0.6806248962213158,3,80611,4.0,3.6
718,28,-0.08045957870373127,3,60162,3.7,3.3
719,26,0.10063567064126912,1,49574,3.7,3.4
720,24,-0.2825065691122776,0,49192,3.5,3.5
721,28,0.6172434684090456,2,51018,3.9,3.2
722,29,-0.04019724786571764,2,82403,3.8,3.3
723,32,1.7504572448691755,4,76201,4.0,3.7
724,29,-0.6417398902624202,0,56033,3.6,3.4
725,28,-0.7340375519426244,0,70666,3.6,3.2
726,29,0.2125687776810898,3,70072,3.8,3.4
727,28,-0.292977855460806,3,73844,3.6,3.2
728,27,-0.41607556519554345,3,67153,3.5,3.2
729,28,-0.26946073981863844,1,37929,3.7,2.8
730,28,-0.5634238615585517,5,98062,3.6,3.1
731,28,-0.3140184657002484,2,93749,3.5,3.5
732,27,-0.3272392003863271,2,75683,3.7,3.5
733,26,-0.8473616252597322,0,55347,3.4,3.3
734,23,-1.3440219933510056,1,62500,3.2,3.5
735,34,0.7015402389100517,3,82862,4.0,3.5
736,27,-1.2049354338870706,0,36183,3.5,3.4
737,27,0.18950198587030678,2,83592,3.8,3.1
738,31,0.9254932007259913,3,87944,4.0,3.7
739,32,0.669767503888413,3,96356,4.0,3.7
740,29,0.27728259073751554,0,37887,3.8,3.0
741,30,1.164242459693471,2,59207,4.0,3.6
742,30,-0.3969792454321235,2,70983,3.8,3.5
743,26,-1.0351449943728248,2,82911,3.3,3.3
744,35,2.015667119822721,3,76396,4.0,3.9
745,28,-0.06786665426878423,3,92351,3.7,3.3
746,29,-0.11073858554842153,3,59558,3.7,3.5
747,27,0.2125687776810898,2,84989,3.8,3.3
748,28,0.2897598052289142,2,44503,3.9,3.2
749,28,0.40514525709240085,1,77741,3.9,3.5
750,26,-1.1540077441840446,3,57927,3.5,3.5
751,22,-2.1339150974652066,3,66937,3.0,2.8
752,35,1.4530221970413355,3,62094,4.0,3.3
753,27,-0.8764940252603001,0,42206,3.4,3.3
754,33,1.8245632864633468,1,57884,4.0,3.3
755,29,0.2590571025685476,3,74001,3.7,3.4
756,29,0.944940254619782,4,55260,3.9,3.1
757,26,-0.40514525709240096,2,58310,3.5,3.2
758,25,-1.0139193392651045,1,80260,3.2,3.6
759,22,-2.651699991208914,0,52220,2.9,3.4
760,26,-0.6737024554133371,1,46494,3.4,3.3
761,31,0.6834414657470899,3,48517,4.0,3.6
762,28,0.2023036346070245,2,59372,3.7,3.0
763,29,0.19461880183929753,2,50129,3.9,3.1
764,31,1.1749867920660897,0,53199,4.0,3.6
765,27,0.11326604102913243,0,46898,3.7,3.1
766,28,-1.1650469223056024,4,107817,3.5,3.2
767,34,1.911035647549118,2,85225,4.0,3.5
768,27,-0.45195332837796953,2,65227,3.6,3.0
769,29,-0.367257632424558,3,89683,3.8,3.4
770,27,-0.253865850004556,2,71785,3.6,3.4
771,30,0.7322762047230995,5,83625,4.0,3.5
772,25,-1.1838487364478714,2,54583,3.4,3.5
773,25,-1.0025346128827628,3,51804,3.3,3.3
774,33,0.6325093385485111,3,75622,4.0,3.7
775,28,0.36994583939041825,3,53739,3.8,3.2
776,26,-1.5130753466158224,0,52946,3.3,3.3
777,27,-0.7410561423784857,0,27598,3.5,2.9
778,29,0.12338326650744524,1,58660,3.8,3.5
779,27,-0.47848835999018613,2,69526,3.6,3.3
780,27,-1.644853626951471,0,68309,3.4,2.8
781,31,0.8654833564602945,1,32746,4.0,3.2
782,30,0.7242082804233155,2,66080,3.9,3.7
783,29,0.35653107332793577,4,77982,3.8,3.3
784,28,-0.6951298207741817,1,43423,3.7,3.1
785,32,1.10643779528449,2,43766,4.0,3.0
786,24,-1.7275356521658747,1,49094,3.1,3.2
787,24,-1.3116858623551628,5,92747,3.4,3.2
788,30,0.968759234053376,2,58567,4.0,3.7
789,33,1.9973787573083657,1,37252,4.0,3.3
790,29,0.022606789649600032,1,50892,3.8,3.1
791,32,0.7451708303617491,5,87419,4.0,3.6
792,28,-0.30874563078475853,5,102853,3.7,3.7
793,28,-0.04019724786571764,0,61521,3.6,3.0
794,29,0.04522514026845084,3,78693,3.8,3.2
795,26,0.0703843144357313,4,87002,3.6,3.2
796,27,0.010046775324976946,0,45807,3.6,3.3
797,33,1.644368536763837,2,58116,4.0,3.6
798,27,-0.9872262313177932,0,72178,3.4,3.2
799,27,-0.9371189110945247,0,40431,3.5,3.0
800,29,-0.09811158630531869,2,67527,3.7,3.5
801,33,2.4081847850755222,4,68550,4.0,3.8
802,28,0.10063567064126912,3,76541,3.7,3.4
803,26,-0.8988407803955769,4,98415,3.6,3.4
804,27,-0.9254932007259913,2,60917,3.5,3.3
805,27,0.6111773684342875,2,63489,3.8,3.2
806,22,-2.408266498358074,0,56796,2.9,2.8
807,32,1.2420605724635014,4,56717,4.0,3.1
808,29,-0.5991120054133576,1,107194,3.7,3.8
809,25,-1.5130753466158224,0,68217,3.3,3.0
810,30,0.4547368076104847,3,65395,4.0,3.6
811,26,-0.6142075932485241,0,36850,3.6,2.9
812,30,0.9070802442763034,4,86560,3.9,3.3
813,30,0.17673131925861826,3,72617,3.9,3.6
814,30,0.9035608058823137,5,100054,4.0,3.6
815,32,1.3165187184182612,4,95847,4.0,3.5
816,23,-1.6378787556114076,0,43229,3.2,3.1
817,29,0.3193000457473742,2,76372,3.8,3.6
818,26,-0.6294444638217898,3,65161,3.5,3.4
819,25,-0.8259761252005046,4,98143,3.6,3.1
820,34,1.2690904173592283,3,65772,4.0,3.6
821,32,1.4678604169994032,1,66774,4.0,3.7
822,31,0.24817371845931255,5,77715,4.0,3.6
823,32,0.9607590224730421,1,70546,4.0,3.6
824,27,-0.2228563693850668,1,53309,3.7,3.3
825,29,-0.24091726781770412,3,103070,3.8,3.7
826,32,0.491254448570445,2,98115,4.0,3.9
827,32,1.0351449943728246,3,86748,4.0,3.1
828,29,0.2590571025685476,2,59636,3.6,3.0
829,28,-0.292977855460806,2,70215,3.5,3.2
830,31,-0.5811754014871103,0,71687,3.8,3.1
831,25,-0.8618363930960037,0,74255,3.2,3.2
832,30,1.0893490279242761,2,66142,4.0,3.2
833,34,1.4039939831196384,3,64600,4.0,3.6
834,26,-0.7454495481807888,0,38234,3.4,3.3
835,21,-2.0743380449113333,1,58602,2.9,3.1
836,30,0.27728259073751554,3,84599,3.9,3.3
837,28,-1.1157502416841865,1,42455,3.3,3.5
838,27,-0.891342432810329,2,61068,3.5,3.1
839,24,-1.798510614061577,0,38285,3.1,3.3
840,32,1.8950353380073397,2,58313,4.0,3.7
841,28,0.17673131925861826,2,43472,3.8,3.1
842,34,0.7539124344561572,1,61115,4.0,3.4
843,24,-1.4508301208347196,0,41962,3.3,3.3
844,28,-0.025068908258710783,3,84400,3.8,3.4
845,32,1.489816296027173,4,116398,4.0,3.7
846,30,0.7539124344561572,2,69737,3.9,3.3
847,20,-5.199337582605575,0,61234,2.7,2.9
848,34,1.6865106815728228,1,48501,4.0,3.5
849,25,-0.5284394122015668,1,85573,3.4,3.4
850,28,0.5693210610934747,2,59231,4.0,3.3
851,26,-0.7584809686111069,0,60493,3.5,3.5
852,31,1.0097287788244826,1,89623,4.0,3.4
853,33,1.214782917492799,3,60342,4.0,3.8
854,30,-0.367257632424558,3,69317,3.8,3.6
855,32,1.489816296027173,1,58132,4.0,3.7
856,35,1.3165187184182612,1,38397,4.0,3.8
857,24,-1.859856556742736,0,78058,3.0,3.4
858,27,-1.2579306616920602,3,72721,3.3,3.1
859,25,-1.709562411737602,0,69658,3.2,3.2
860,32,0.952819834942109,4,87722,4.0,3.5
861,30,0.3791792751096164,2,80010,3.8,3.6
862,19,-2.951054038380226,2,32670,2.7,3.0
863,28,0.12338326650744524,3,84344,3.8,3.3
864,33,0.8189312290028973,3,53875,4.0,3.7
865,28,-0.48277075642432826,3,65113,3.7,3.3
866,33,2.0963178033358383,4,103474,4.0,3.9
867,23,-1.7050969053330025,1,71304,3.1,3.4
868,26,-0.7780162222022582,4,71081,3.4,3.1
869,29,0.057800153849665276,1,43430,3.7,3.5
870,33,1.7533799706556663,3,102428,4.0,3.6
871,28,0.3298901506613842,4,79418,3.8,3.4
872,27,-0.38342751462309094,5,96775,3.7,3.6
873,28,0.22285636938506637,3,95505,3.6,3.7
874,26,-0.9647514098319633,3,83409,3.3,3.4
875,31,0.6754329722670702,2,77264,4.0,3.3
876,30,0.8654833564602945,2,53671,4.0,3.3
877,31,0.9938564492067882,5,97154,4.0,3.7
878,29,0.34246630146539064,2,73022,3.8,3.4
879,33,2.8196698604877986,4,107562,4.0,3.9
880,32,1.1251604667820427,1,56936,4.0,3.4
881,28,-0.19677962021846648,1,59725,3.6,3.2
882,27,-0.3140184657002484,1,64742,3.7,3.3
883,30,0.391549940946073,3,55659,3.9,3.3
884,33,1.2229258402325005,1,58983,4.0,3.8
885,29,-0.7340375519426244,1,72869,3.7,3.4
886,27,-0.1723311652720587,2,55657,3.7,3.4
887,29,-0.3272392003863271,2,48960,3.7,3.3
888,31,1.1708587934216004,3,53927,4.0,3.5
889,31,0.46590630887165724,1,73836,3.9,3.6
890,28,0.010046775324976946,2,76026,3.8,3.7
891,29,-0.906390009343536,1,53979,3.5,3.2
892,27,-0.05528448348247729,1,49063,3.6,3.1
893,29,0.40514525709240085,2,45463,3.8,3.4
894,30,-0.2228563693850668,3,83436,3.9,3.4
895,31,1.0097287788244826,1,57742,4.0,3.7
896,30,0.9607590224730421,2,90538,4.0,3.8
897,33,0.4547368076104847,1,55351,4.0,3.3
898,29,-0.06283260816587524,5,75639,3.7,3.4
899,28,-0.6855673570471814,2,65674,3.6,2.9
900,30,0.26890862445370967,2,62982,4.0,3.4
901,31,0.5769103773332718,3,71138,3.9,3.6
902,30,-0.253865850004556,1,57037,3.8,3.3
903,25,-0.6951298207741817,2,78848,3.3,3.1
904,27,-0.002511654218540356,3,83867,3.8,3.7
905,25,-1.883766661032817,1,57266,3.1,3.1
906,24,-1.10643779528449,3,43332,3.3,2.9
907,29,0.2125687776810898,3,84237,3.9,3.3
908,28,-0.12085281637033993,1,63577,3.7,3.5
909,27,-0.9254932007259913,1,78248,3.4,3.7
910,29,0.23269274918304503,5,82459,3.9,3.6
911,32,1.5052316564617902,4,81054,4.0,3.4
912,31,0.5575461914921299,5,83814,3.9,3.5
913,34,1.4110321463124815,3,47960,4.0,3.3
914,24,-2.0964381158893906,3,110145,3.0,3.6
915,25,-0.9254932007259913,1,66870,3.4,3.3
916,29,-0.012558588000631154,1,39493,3.8,3.1
917,29,-0.43532484521253073,2,84821,3.6,3.6
918,27,-1.4747470516619194,0,64033,3.3,3.0
919,26,-1.3794398198715596,1,38549,3.1,3.0
920,30,0.40514525709240085,2,72560,3.8,3.6
921,31,-0.002511654218540356,1,69375,3.9,3.4
922,31,0.24817371845931255,1,77229,4.0,3.2
923,24,-1.4609874744251514,2,66152,3.3,3.4
924,31,0.5693210610934747,2,69182,4.0,3.5
925,27,-0.1589002103192108,2,53170,3.6,2.9
926,26,-0.5634238615585517,2,41104,3.6,3.1
927,33,2.5120564048825207,5,92185,4.0,3.8
928,29,-0.4234047223941822,3,88935,3.7,3.7
929,35,2.651610224932363,5,79398,4.0,3.7
930,25,-0.891342432810329,0,65020,3.3,3.0
931,31,0.14365672754102754,3,71451,3.9,3.2
932,27,-0.8158271014562388,0,50713,3.5,3.2
933,32,1.6689970457043974,2,73380,4.0,3.6
934,25,-0.46031437971923184,2,79287,3.5,3.5
935,25,-0.45195332837796953,2,40084,3.6,3.0
936,30,-0.3969792454321235,0,46095,3.9,3.5
937,26,-0.6417398902624202,1,91290,3.5,3.4
938,31,2.4482254338905673,4,116280,4.0,3.5
939,22,-2.0134615206370436,2,62914,3.1,2.9
940,29,-0.1818360110890942,0,67120,3.7,3.0
941,33,1.3667301549648574,2,68700,4.0,3.6
942,28,-0.09811158630531869,1,44176,3.6,3.3
943,31,0.12338326650744524,3,92150,3.8,3.6
944,32,1.8245632864633468,2,73907,4.0,3.6
945,24,-1.10643779528449,2,47075,3.2,3.0
946,32,0.8401904658733902,1,73668,4.0,3.4
947,29,0.8429400782313202,0,43137,4.0,3.3
948,29,1.1251604667820427,4,84104,4.0,3.5
949,30,0.5301614450555202,1,42693,3.9,3.2
950,28,0.8654833564602945,3,85266,4.0,3.2
951,26,-1.0647846651383073,0,45161,3.3,3.3
952,29,-0.6855673570471814,3,68350,3.7,3.3
953,25,-0.9528198349421094,4,80536,3.5,3.5
954,32,0.9254932007259913,1,44051,4.0,3.4
955,30,0.028859085604391908,0,25024,3.8,3.3
956,28,-1.1442860901432401,1,69825,3.3,3.4
957,27,-0.41607556519554345,1,48458,3.6,3.3
958,28,0.3759073882639826,3,40139,3.9,3.5
959,28,-0.7911478565359643,1,58921,3.5,3.3
960,29,0.8654833564602945,3,111035,4.0,3.5
961,34,1.6541447865382133,3,88336,4.0,3.8
962,30,0.4380877898183322,0,50314,3.9,3.4
963,25,-0.9371189110945247,2,35751,3.4,3.1
964,27,-0.002511654218540356,5,93314,3.7,3.3
965,27,0.05104608034389832,4,97300,3.7,3.4
966,30,0.7539124344561572,2,53960,4.0,3.3
967,25,-1.0139193392651045,0,50248,3.4,3.1
968,32,1.778729509635851,5,85534,4.0,3.6
969,26,-0.5487655824546475,4,109772,3.6,3.6
970,28,-0.7063025628400874,0,50608,3.7,3.2
971,31,0.3154629123632261,2,71821,4.0,3.7
972,28,-0.24091726781770412,0,45487,3.7,3.4
973,29,0.660367479703957,3,92139,4.0,3.3
974,29,-0.6417398902624202,3,73355,3.7,3.6
975,29,0.391549940946073,2,65122,4.0,3.5
976,24,-1.7609970203748853,3,54529,3.2,3.1
977,35,2.949595853634173,3,69272,4.0,3.5
978,34,2.256359974203136,4,81556,4.0,3.8
979,26,-1.1442860901432401,0,63877,3.5,3.1
980,27,-0.5991120054133576,0,37638,3.6,3.3
981,34,1.7269962515931594,4,94005,4.0,3.6
982,30,0.5169222700797942,0,72600,4.0,3.5
983,27,-0.2228563693850668,3,57651,3.6,3.3
984,30,0.6325093385485111,1,54882,3.8,3.4
985,26,-1.2690904173592292,2,68921,3.4,3.2
986,25,-1.3274231757153443,0,78119,3.3,3.6
987,31,0.738846849185213,0,75264,4.0,3.6
988,23,-2.0531297094277923,1,53687,3.0,3.1
989,26,-0.8119267442873849,2,48764,3.5,3.1
990,27,-0.21324112894486738,2,57904,3.6,3.4
991,31,1.4181397465010341,2,53611,4.0,3.4
992,29,0.5169222700797942,1,44096,3.9,3.5
993,31,0.6495235958443244,1,54119,4.0,3.4
994,27,-0.45195332837796953,2,50925,3.6,3.0
995,30,-0.24091726781770412,1,49002,3.8,3.5
996,28,0.482770756424328,2,83438,3.9,3.5
997,27,-0.20486788035194264,1,68577,3.6,3.7
998,30,0.427055811221033,2,56876,3.8,3.6
999,29,0.41246312944140434,0,40068,3.9,3.3
